0.701909057;0.647916053;0.701909057;0.765718971;0.842290869;0.935878743;1.052863586;1.203272669;1.052863586;0.990930434;0.935878743;0.886621967;0.842290869;0.935878743;1.052863586;1.203272669;1.123054492;1.052863586;0.935878743;0.886621967;0.842290869;0.80218178;0.765718971;0.732426842
Generationen: 2500;Crossover: ox2;C-Rate: 1.0;Mutation: Exchange;M-Rate: 0.5;RouletteWheel-S.;T-Size: ---;Reinsertion-Rate: 0.2;Generation-Gap: 0.5;Selection-Pressure: 1.2;GPS Frequenz: 8;;;;;;;;;;;;;
Iteration;total duration;relative totalduration;avg. duration;standard deviation;avg.DiffrentCitiesofBest;avg.DiffrentCitiesofAll;calc. time;time;;;;;;;;;;;;;;;
2499;19815;19815;19858;36;4;4;08:00:02;|ID:0 49.179775 8.752588|ID:38 49.178439 8.801008|ID:10 49.175942 8.792577|ID:7 49.124447 8.716669|ID:19 49.121084 8.723739|ID:21 49.120982 8.724765|ID:12 49.142084 8.85242|ID:24 49.175442 8.749427|ID:36 49.183469 8.775872|ID:8 49.145212 8.688068|ID:27 49.118803 8.76645|ID:22 49.088492 8.769808|ID:32 49.088201 8.788462|ID:11 49.147033 8.806347|ID:26 49.148713 8.807257|ID:35 49.151327 8.811024|ID:14 49.17413 8.836061|ID:13 49.187562 8.817072|ID:1 49.154036 8.718574|ID:37 49.179303 8.810762|ID:30 49.105682 8.748116|ID:31 49.107595 8.782017|ID:25 49.142551 8.769687|ID:4 49.138372 8.770976|ID:6 49.107418 8.712167|ID:23 49.099789 8.738246|ID:29 49.140226 8.686995|ID:9 49.155876 8.72469|ID:18 49.148566 8.693831|ID:16 49.138169 8.661563|ID:17 49.14749 8.655874|ID:5 49.104066 8.745913|ID:39 49.108844 8.715623|ID:15 49.177741 8.796049|ID:3 49.100604 8.854045|ID:33 49.099043 8.858203|ID:34 49.110088 8.858825|ID:2 49.106847 8.814816|ID:20 49.110618 8.815909|ID:28 49.176203 8.785493|;;;;;;;;;;;;;;;
Start;19815;19858;36;4;4;-;08:00:00;;;;;;;;;;;;;;;;
Intersection-1505107457;19719;19721;19771;36;4;4;4;08:00:01;801;;;;;;;;;;;;;;
GPS-G0;19719;19728;19771;36;3;4;4;08:00:08;808;;;;;;;;;;;;;;
Intersection-1505107292;19719;19734;19767;32;4;4;4;08:00:14;8014;;;;;;;;;;;;;;
GPS-G1;19719;19736;19767;33;4;4;4;08:00:16;8016;;;;;;;;;;;;;;
GPS-G2;19719;19744;19767;32;3;4;4;08:00:24;8024;;;;;;;;;;;;;;
GPS-G3;19719;19752;19761;26;4;4;4;08:00:32;8032;;;;;;;;;;;;;;
Intersection-1505107204;19719;19754;19756;23;4;4;4;08:00:34;8034;;;;;;;;;;;;;;
Intersection-1505107210;19719;19757;19758;32;3;4;4;08:00:37;8037;;;;;;;;;;;;;;
GPS-G4;19719;19760;19756;23;4;4;4;08:00:40;8040;;;;;;;;;;;;;;
GPS-G5;19719;19768;19756;24;4;4;4;08:00:48;8048;;;;;;;;;;;;;;
GPS-G6;19681;19737;19733;35;4;4;4;08:00:56;8056;;;;;;;;;;;;;;
GPS-G7;19681;19745;19728;31;4;4;4;08:01:04;814;;;;;;;;;;;;;;
GPS-G8;19681;19753;19723;26;3;4;4;08:01:12;8112;;;;;;;;;;;;;;
Intersection-1505199608;19681;19754;19717;21;3;4;4;08:01:13;8113;;;;;;;;;;;;;;
Intersection-1505142765;19681;19758;19718;22;3;4;4;08:01:17;8117;;;;;;;;;;;;;;
GPS-G9;19681;19761;19718;22;3;4;4;08:01:20;8120;;;;;;;;;;;;;;
GPS-G10;19681;19769;19716;21;4;4;4;08:01:28;8128;;;;;;;;;;;;;;
Intersection-1505142699;19636;19732;19690;37;3;4;4;08:01:35;8135;;;;;;;;;;;;;;
GPS-G11;19636;19733;19687;34;3;4;4;08:01:36;8136;;;;;;;;;;;;;;
GPS-G12;19636;19741;19687;34;4;4;4;08:01:44;8144;;;;;;;;;;;;;;
Intersection-297199633;19636;19744;19688;51;3;4;4;08:01:47;8147;;;;;;;;;;;;;;
GPS-G13;19636;19749;19681;29;3;4;4;08:01:52;8152;;;;;;;;;;;;;;
0.52004295;0.362578018;0.392792852;0.428501293;0.471351423;0.523723803;0.589189278;0.673359175;0.589189278;0.554531086;0.523723803;0.496159392;0.471351423;0.523723803;0.589189278;0.673359175;0.628468564;0.589189278;0.827396441;0.78384926;0.744656797;0.709196949;0.676960724;0.647527649
Generationen: 2500;Crossover: ox2;C-Rate: 1.0;Mutation: Exchange;M-Rate: 0.7;RouletteWheel-S.;T-Size: ---;Reinsertion-Rate: 0.2;Generation-Gap: 0.5;Selection-Pressure: 1.2;GPS Frequenz: 8;;;;;;;;;;;;;
Iteration;total duration;relative totalduration;avg. duration;standard deviation;avg.DiffrentCitiesofBest;avg.DiffrentCitiesofAll;calc. time;time;;;;;;;;;;;;;;;
2499;18597;18597;18812;123;5;6;08:00:03;|ID:0 49.179775 8.752588|ID:24 49.175442 8.749427|ID:37 49.179303 8.810762|ID:28 49.176203 8.785493|ID:27 49.118803 8.76645|ID:12 49.142084 8.85242|ID:26 49.148713 8.807257|ID:36 49.183469 8.775872|ID:13 49.187562 8.817072|ID:10 49.175942 8.792577|ID:8 49.145212 8.688068|ID:7 49.124447 8.716669|ID:23 49.099789 8.738246|ID:15 49.177741 8.796049|ID:38 49.178439 8.801008|ID:9 49.155876 8.72469|ID:18 49.148566 8.693831|ID:6 49.107418 8.712167|ID:39 49.108844 8.715623|ID:17 49.14749 8.655874|ID:16 49.138169 8.661563|ID:29 49.140226 8.686995|ID:1 49.154036 8.718574|ID:14 49.17413 8.836061|ID:3 49.100604 8.854045|ID:33 49.099043 8.858203|ID:34 49.110088 8.858825|ID:25 49.142551 8.769687|ID:11 49.147033 8.806347|ID:20 49.110618 8.815909|ID:31 49.107595 8.782017|ID:19 49.121084 8.723739|ID:21 49.120982 8.724765|ID:32 49.088201 8.788462|ID:22 49.088492 8.769808|ID:5 49.104066 8.745913|ID:2 49.106847 8.814816|ID:30 49.105682 8.748116|ID:4 49.138372 8.770976|ID:35 49.151327 8.811024|;;;;;;;;;;;;;;;
Start;18597;18812;123;5;6;-;08:00:00;;;;;;;;;;;;;;;;
Intersection-1505107457;18597;18598;18743;104;5;6;6;08:00:01;;;;;;;;;;;;;;;
Intersection-1505107292;18597;18605;18746;107;5;6;6;08:00:08;;;;;;;;;;;;;;;
GPS-G0;18597;18606;18746;107;5;6;6;08:00:08;;;;;;;;;;;;;;;
GPS-G1;18597;18614;18739;96;5;6;6;08:00:16;;;;;;;;;;;;;;;
Intersection-1505107204;18597;18617;18745;110;6;6;6;08:00:20;;;;;;;;;;;;;;;
Intersection-1505107210;18597;18619;18734;90;5;6;6;08:00:21;;;;;;;;;;;;;;;
GPS-G2;18597;18622;18741;104;5;6;6;08:00:24;;;;;;;;;;;;;;;
GPS-G3;18597;18630;18783;249;5;6;6;08:00:32;;;;;;;;;;;;;;;
GPS-G4;18597;18638;18728;101;6;6;6;08:00:40;;;;;;;;;;;;;;;
Intersection-1505199608;18597;18639;18719;82;5;6;6;08:00:42;;;;;;;;;;;;;;;
Intersection-1505142765;18597;18641;18720;83;5;6;6;08:00:43;;;;;;;;;;;;;;;
GPS-G5;18597;18646;18718;79;5;6;6;08:00:48;;;;;;;;;;;;;;;
Intersection-1505142699;18597;18651;18712;69;5;6;6;08:00:54;;;;;;;;;;;;;;;
GPS-G6;18597;18654;18846;445;5;6;6;08:00:56;;;;;;;;;;;;;;;
Intersection-297199633;18597;18657;18713;75;5;6;6;08:01:00;;;;;;;;;;;;;;;
GPS-G7;18597;18662;18709;67;5;6;6;08:01:04;;;;;;;;;;;;;;;
Intersection-297199642;18597;18662;18760;255;5;6;6;08:01:05;;;;;;;;;;;;;;;
Intersection-297199646;18597;18669;18723;98;6;6;6;08:01:12;;;;;;;;;;;;;;;
GPS-G8;18597;18670;18763;251;5;6;6;08:01:12;;;;;;;;;;;;;;;
Intersection-278992309;18597;18675;18721;87;5;6;6;08:01:18;;;;;;;;;;;;;;;
GPS-G9;18597;18678;18723;89;5;6;6;08:01:20;;;;;;;;;;;;;;;
Intersection-278992306;18435;18530;18716;345;4;4;4;08:01:35;;;;;;;;;;;;;;;
City-24;18398;18494;18691;465;4;4;4;08:01:35;;;;;;;;;;;;;;;
Intersection-278992306;18398;18495;18687;453;4;4;4;08:01:36;;;;;;;;;;;;;;;
GPS-G0;18315;18418;18462;104;3;4;4;08:01:43;;;;;;;;;;;;;;;
GPS-G1;18315;18426;18465;115;3;4;4;08:01:51;;;;;;;;;;;;;;;
Intersection-278992309;18315;18427;18434;74;3;4;4;08:01:53;;;;;;;;;;;;;;;
Intersection-297199646;18315;18433;18435;75;3;4;4;08:01:59;;;;;;;;;;;;;;;
GPS-G2;18315;18434;18433;79;3;4;4;08:01:59;;;;;;;;;;;;;;;
Intersection-297199642;18315;18440;18449;110;3;4;4;08:02:06;;;;;;;;;;;;;;;
GPS-G3;18315;18442;18445;106;3;4;4;08:02:07;;;;;;;;;;;;;;;
Intersection-297199633;18315;18445;18517;341;4;5;5;08:02:11;;;;;;;;;;;;;;;
GPS-G4;18315;18450;18438;92;3;4;4;08:02:15;;;;;;;;;;;;;;;
Intersection-1505142694;18244;18381;18384;94;3;4;4;08:02:17;;;;;;;;;;;;;;;
GPS-G5;18244;18388;18393;115;3;4;4;08:02:23;;;;;;;;;;;;;;;
GPS-G6;18244;18396;18397;120;3;4;4;08:02:31;;;;;;;;;;;;;;;
GPS-G7;18244;18404;18377;84;3;4;4;08:02:39;;;;;;;;;;;;;;;
Intersection-33843552;18244;18405;18372;100;3;4;4;08:02:41;;;;;;;;;;;;;;;
GPS-G8;18244;18412;18377;106;3;4;4;08:02:47;;;;;;;;;;;;;;;
GPS-G9;18244;18420;18380;115;4;4;4;08:02:55;;;;;;;;;;;;;;;
GPS-G10;18244;18428;18424;321;3;4;4;08:03:03;;;;;;;;;;;;;;;
GPS-G11;18244;18436;18376;108;3;4;4;08:03:11;;;;;;;;;;;;;;;
Intersection-281461466;18156;18355;18379;372;3;4;4;08:03:19;;;;;;;;;;;;;;;
GPS-G12;18156;18356;18378;360;3;4;4;08:03:19;;;;;;;;;;;;;;;
GPS-G13;18156;18364;18311;126;4;4;4;08:03:27;;;;;;;;;;;;;;;
Intersection-281467985;18156;18371;18295;94;3;4;4;08:03:34;;;;;;;;;;;;;;;
GPS-G14;18156;18372;18299;113;3;4;4;08:03:35;;;;;;;;;;;;;;;
Intersection-280962480;18156;18378;18287;99;3;4;4;08:03:42;;;;;;;;;;;;;;;
GPS-G15;18156;18380;18297;123;3;4;4;08:03:43;;;;;;;;;;;;;;;
GPS-G16;18156;18388;18296;115;3;4;4;08:03:51;;;;;;;;;;;;;;;
Intersection-281466100;18156;18390;18274;86;4;5;5;08:03:54;;;;;;;;;;;;;;;
Intersection-300549445;18085;18320;18257;156;4;5;5;08:03:56;;;;;;;;;;;;;;;
GPS-G17;18085;18324;18222;90;3;4;4;08:03:59;;;;;;;;;;;;;;;
Intersection-486102667;18085;18329;18226;103;4;4;4;08:04:05;;;;;;;;;;;;;;;
GPS-G18;18085;18332;18247;131;3;4;4;08:04:07;;;;;;;;;;;;;;;
Intersection-370055530;18085;18335;18246;130;3;4;4;08:04:11;;;;;;;;;;;;;;;
Intersection-281463561;18085;18337;18238;121;3;4;4;08:04:13;;;;;;;;;;;;;;;
Intersection-302629025;18085;18338;18264;160;4;4;4;08:04:13;;;;;;;;;;;;;;;
Intersection-286761002;18085;18339;18231;107;3;4;4;08:04:14;;;;;;;;;;;;;;;
GPS-G19;18085;18340;18225;103;3;4;4;08:04:15;;;;;;;;;;;;;;;
Intersection-300549484;18085;18343;18206;74;4;5;5;08:04:19;;;;;;;;;;;;;;;
Intersection-291295742;18085;18346;18215;88;3;4;4;08:04:22;;;;;;;;;;;;;;;
GPS-G20;18085;18348;18234;124;4;4;4;08:04:23;;;;;;;;;;;;;;;
Intersection-258998994;18085;18354;18214;89;3;4;4;08:04:30;;;;;;;;;;;;;;;
GPS-G21;18085;18356;18211;92;3;4;4;08:04:31;;;;;;;;;;;;;;;
GPS-G22;18085;18364;18218;102;4;4;4;08:04:39;;;;;;;;;;;;;;;
GPS-G23;18085;18372;18205;78;3;4;4;08:04:47;;;;;;;;;;;;;;;
0.885392697;0.817285567;0.885392697;0.965882942;1.062471237;1.180523596;1.328089046;1.517816052;1.328089046;1.249966161;1.180523596;1.118390775;1.062471237;1.180523596;1.328089046;1.517816052;1.416628316;1.328089046;1.350719311;1.279628821;1.21564738;1.157759409;1.105133982;1.057084678
Generationen: 250000;Crossover: ox2;C-Rate: 1.0;Mutation: Exchange;M-Rate: 0.7;RouletteWheel-S.;T-Size: ---;Reinsertion-Rate: 0.2;Generation-Gap: 0.5;Selection-Pressure: 1.2;GPS Frequenz: 8;;;;;;;;;;;;;
Iteration;total duration;relative totalduration;avg. duration;standard deviation;avg.DiffrentCitiesofBest;avg.DiffrentCitiesofAll;calc. time;time;;;;;;;;;;;;;;;
0.617165339;0.569691083;0.617165339;0.673271279;0.740598407;0.822887119;0.925748009;1.057997725;0.925748009;0.871292244;0.822887119;0.779577271;0.740598407;0.822887119;0.925748009;1.057997725;0.987464543;0.925748009;0.822887119;0.779577271;0.740598407;0.705331816;0.673271279;0.643998615
Generationen: 250000;Crossover: ox2;C-Rate: 1.0;Mutation: Exchange;M-Rate: 0.7;RouletteWheel-S.;T-Size: ---;Reinsertion-Rate: 0.2;Generation-Gap: 0.5;Selection-Pressure: 1.2;GPS Frequenz: 8;;;;;;;;;;;;;
Iteration;total duration;relative totalduration;avg. duration;standard deviation;avg.DiffrentCitiesofBest;avg.DiffrentCitiesofAll;calc. time;time;;;;;;;;;;;;;;;
0.591087531;0.545619259;0.591087531;0.644822761;0.709305037;0.788116708;0.886631296;1.01329291;0.886631296;0.834476514;0.788116708;0.746636881;0.709305037;0.788116708;0.886631296;1.01329291;0.945740049;0.886631296;0.788116708;0.746636881;0.709305037;0.88945895;0.849028998;0.812114693
Generationen: 2500;Crossover: ox2;C-Rate: 1.0;Mutation: Exchange;M-Rate: 0.7;RouletteWheel-S.;T-Size: ---;Reinsertion-Rate: 0.2;Generation-Gap: 0.5;Selection-Pressure: 1.2;GPS Frequenz: 8;;;;;;;;;;;;;
Iteration;total duration;relative totalduration;avg. duration;standard deviation;avg.DiffrentCitiesofBest;avg.DiffrentCitiesofAll;calc. time;time;;;;;;;;;;;;;;;
2499;16073;16073;16225;148;4;6;08:00:11;|ID:0 49.179775 8.752588|ID:30 49.105682 8.748116|ID:5 49.104066 8.745913|ID:19 49.121084 8.723739|ID:8 49.145212 8.688068|ID:18 49.148566 8.693831|ID:16 49.138169 8.661563|ID:17 49.14749 8.655874|ID:6 49.107418 8.712167|ID:23 49.099789 8.738246|ID:39 49.108844 8.715623|ID:29 49.140226 8.686995|ID:21 49.120982 8.724765|ID:2 49.106847 8.814816|ID:3 49.100604 8.854045|ID:34 49.110088 8.858825|ID:22 49.088492 8.769808|ID:32 49.088201 8.788462|ID:31 49.107595 8.782017|ID:27 49.118803 8.76645|ID:28 49.176203 8.785493|ID:7 49.124447 8.716669|ID:9 49.155876 8.72469|ID:1 49.154036 8.718574|ID:11 49.147033 8.806347|ID:26 49.148713 8.807257|ID:25 49.142551 8.769687|ID:4 49.138372 8.770976|ID:38 49.178439 8.801008|ID:15 49.177741 8.796049|ID:37 49.179303 8.810762|ID:13 49.187562 8.817072|ID:10 49.175942 8.792577|ID:14 49.17413 8.836061|ID:35 49.151327 8.811024|ID:12 49.142084 8.85242|ID:33 49.099043 8.858203|ID:20 49.110618 8.815909|ID:36 49.183469 8.775872|ID:24 49.175442 8.749427|;;;;;;;;;;;;;;;
Start;15864;16008;148;4;6;-;08:00:00;;;;;;;;;;;;;;;;
Intersection-1505107457;15852;15853;15985;125;4;5;5;08:00:01;;;;;;;;;;;;;;;
GPS-G0;15832;15842;15867;51;4;4;4;08:00:09;;;;;;;;;;;;;;;
Intersection-1505107292;15837;15848;15880;59;4;4;4;08:00:12;;;;;;;;;;;;;;;
GPS-G1;15828;15846;15892;127;4;4;4;08:00:17;;;;;;;;;;;;;;;
GPS-G2;15208;15233;15318;82;3;3;3;08:00:25;;;;;;;;;;;;;;;
Intersection-1505107204;15203;15232;15373;203;3;3;3;08:00:29;;;;;;;;;;;;;;;
Intersection-1505107210;15214;15245;15377;185;3;3;3;08:00:31;;;;;;;;;;;;;;;
0.54844691;0.506258687;0.54844691;0.59830572;0.658136293;0.731262547;0.822670366;0.940194704;0.822670366;0.774277991;0.731262547;0.692775045;0.658136293;0.731262547;0.822670366;0.940194704;0.877515057;0.822670366;0.731262547;0.692775045;0.658136293;0.626796469;0.59830572;0.572292428
Generationen: 2500;Crossover: ox2;C-Rate: 1.0;Mutation: Exchange;M-Rate: 0.7;RouletteWheel-S.;T-Size: ---;Reinsertion-Rate: 0.2;Generation-Gap: 0.5;Selection-Pressure: 1.2;GPS Frequenz: 8;;;;;;;;;;;;;
Iteration;total duration;relative totalduration;avg. duration;standard deviation;avg.DiffrentCitiesofBest;avg.DiffrentCitiesofAll;calc. time;time;;;;;;;;;;;;;;;
2499;20541;20541;20618;273;6;6;08:00:14;|ID:0 49.179775 8.752588|ID:15 49.177741 8.796049|ID:37 49.179303 8.810762|ID:13 49.187562 8.817072|ID:33 49.099043 8.858203|ID:3 49.100604 8.854045|ID:20 49.110618 8.815909|ID:22 49.088492 8.769808|ID:26 49.148713 8.807257|ID:17 49.14749 8.655874|ID:18 49.148566 8.693831|ID:23 49.099789 8.738246|ID:39 49.108844 8.715623|ID:7 49.124447 8.716669|ID:30 49.105682 8.748116|ID:27 49.118803 8.76645|ID:11 49.147033 8.806347|ID:9 49.155876 8.72469|ID:1 49.154036 8.718574|ID:8 49.145212 8.688068|ID:29 49.140226 8.686995|ID:16 49.138169 8.661563|ID:19 49.121084 8.723739|ID:10 49.175942 8.792577|ID:38 49.178439 8.801008|ID:28 49.176203 8.785493|ID:25 49.142551 8.769687|ID:4 49.138372 8.770976|ID:2 49.106847 8.814816|ID:36 49.183469 8.775872|ID:12 49.142084 8.85242|ID:34 49.110088 8.858825|ID:14 49.17413 8.836061|ID:6 49.107418 8.712167|ID:32 49.088201 8.788462|ID:21 49.120982 8.724765|ID:5 49.104066 8.745913|ID:31 49.107595 8.782017|ID:35 49.151327 8.811024|ID:24 49.175442 8.749427|;;;;;;;;;;;;;;;
Start;20452;20529;273;6;6;-;08:00:00;;;;;;;;;;;;;;;;
Intersection-1505107457;20453;20455;20533;274;5;6;6;08:00:02;;;;;;;;;;;;;;;
GPS-G0;20443;20451;20514;273;8;7;7;08:00:08;;;;;;;;;;;;;;;
Intersection-1505107292;20447;20459;20479;134;6;7;7;08:00:11;;;;;;;;;;;;;;;
GPS-G1;20438;20455;20617;627;7;7;7;08:00:16;;;;;;;;;;;;;;;
GPS-G2;20425;20449;20498;174;6;7;7;08:00:24;;;;;;;;;;;;;;;
Intersection-1505107204;20422;20450;20486;188;6;7;7;08:00:28;;;;;;;;;;;;;;;
Intersection-1505107210;20430;20459;20596;331;8;7;7;08:00:30;;;;;;;;;;;;;;;
GPS-G3;20426;20458;20456;111;7;7;7;08:00:32;;;;;;;;;;;;;;;
GPS-G4;20412;20452;20431;52;7;6;6;08:00:40;;;;;;;;;;;;;;;
GPS-G5;20400;20448;20595;625;8;7;7;08:00:48;;;;;;;;;;;;;;;
GPS-G6;20386;20443;20428;180;5;6;6;08:00:56;;;;;;;;;;;;;;;
Intersection-1505199608;20389;20447;20403;51;7;7;7;08:00:58;;;;;;;;;;;;;;;
Intersection-1505142765;20388;20448;20389;3;5;7;7;08:01:01;;;;;;;;;;;;;;;
GPS-G7;20380;20445;20501;322;5;6;6;08:01:04;;;;;;;;;;;;;;;
GPS-G8;20370;20442;20379;29;8;7;7;08:01:12;;;;;;;;;;;;;;;
Intersection-1505142699;20367;20442;20393;57;7;6;6;08:01:15;;;;;;;;;;;;;;;
GPS-G9;20359;20439;20516;435;7;7;7;08:01:20;;;;;;;;;;;;;;;
"0.9223228674189842","0.8513749545406006","0.9223228674189842","1.00617040082071","1.106787440902781","1.229763823225312","1.383484301128476","1.5811249155754012","1.383484301128476","1.3021028716503305","1.229763823225312","1.1650394114766114","1.106787440902781","1.229763823225312","1.383484301128476","1.5811249155754012","1.4757165878703744","1.383484301128476","1.229763823225312","1.1650394114766114","1.106787440902781","1.0540832770502675","1.00617040082071","0.9624238616545921"
"Generationen: 250000","Crossover: ox2","C-Rate: 1.0","Mutation: Exchange","M-Rate: 0.7","RouletteWheel-S.","T-Size: ---","Reinsertion-Rate: 0.2","Generation-Gap: 0.5","Selection-Pressure: 1.2","GPS Frequenz: 8"
"Iteration","total duration","relative totalduration","avg. duration","standard deviation","avg.DiffrentCitiesofBest","avg.DiffrentCitiesofAll","calc. time","time"
"1.0449141567870195","0.9645361447264794","1.0449141567870195","1.1399063528585667","1.2538969881444233","1.393218875716026","1.5673712351805291","1.7912814116348905","1.5673712351805291","1.4751729272287333","1.393218875716026","1.319891566467814","1.2538969881444233","1.393218875716026","1.5673712351805291","1.7912814116348905","1.671862650859231","1.5673712351805291","1.393218875716026","1.319891566467814","1.2538969881444233","1.1941876077565936","1.1399063528585667","1.0903452070821074"
"Generationen: 2500","Crossover: ox2","C-Rate: 1.0","Mutation: Exchange","M-Rate: 0.7","RouletteWheel-S.","T-Size: ---","Reinsertion-Rate: 0.2","Generation-Gap: 0.5","Selection-Pressure: 1.2","GPS Frequenz: 8"
"Iteration","total duration","relative totalduration","avg. duration","standard deviation","avg.DiffrentCitiesofBest","avg.DiffrentCitiesofAll","calc. time","time"
"2499","19390","19390","19431","28","3","4","8:0:11","|ID:0 49.179775 8.752588|ID:23 49.099789 8.738246|ID:6 49.107418 8.712167|ID:39 49.108844 8.715623|ID:1 49.154036 8.718574|ID:19 49.121084 8.723739|ID:2 49.106847 8.814816|ID:20 49.110618 8.815909|ID:31 49.107595 8.782017|ID:9 49.155876 8.72469|ID:16 49.138169 8.661563|ID:10 49.175942 8.792577|ID:15 49.177741 8.796049|ID:38 49.178439 8.801008|ID:37 49.179303 8.810762|ID:28 49.176203 8.785493|ID:25 49.142551 8.769687|ID:21 49.120982 8.724765|ID:5 49.104066 8.745913|ID:35 49.151327 8.811024|ID:14 49.17413 8.836061|ID:13 49.187562 8.817072|ID:24 49.175442 8.749427|ID:27 49.118803 8.76645|ID:34 49.110088 8.858825|ID:3 49.100604 8.854045|ID:33 49.099043 8.858203|ID:12 49.142084 8.85242|ID:26 49.148713 8.807257|ID:4 49.138372 8.770976|ID:11 49.147033 8.806347|ID:29 49.140226 8.686995|ID:7 49.124447 8.716669|ID:32 49.088201 8.788462|ID:22 49.088492 8.769808|ID:30 49.105682 8.748116|ID:17 49.14749 8.655874|ID:8 49.145212 8.688068|ID:18 49.148566 8.693831|ID:36 49.183469 8.775872|"
"1.6223844821424784","1.4975856758238262","1.6223844821424784","1.7698739805190673","1.946861378570974","2.1631793095233047","2.4335767232137178","2.7812305408156774","2.4335767232137178","2.2904251512599694","2.1631793095233047","2.049327766916815","1.946861378570974","2.1631793095233047","2.4335767232137178","2.7812305408156774","2.595815171427965","2.4335767232137178","2.1631793095233047","2.049327766916815","1.946861378570974","1.8541536938771181","1.7698739805190673","1.6929229378878037"
"Generationen: 2500","Crossover: ox2","C-Rate: 1.0","Mutation: Exchange","M-Rate: 0.7","RouletteWheel-S.","T-Size: ---","Reinsertion-Rate: 0.2","Generation-Gap: 0.5","Selection-Pressure: 1.2","GPS Frequenz: 8"
"Iteration","total duration","relative totalduration","avg. duration","standard deviation","avg.DiffrentCitiesofBest","avg.DiffrentCitiesofAll","calc. time","time"
"1.1195181448778946","1.0334013645026718","1.1195181448778946","1.221292521684976","1.3434217738534735","1.4926908598371929","1.6792772173168418","1.9191739626478193","1.6792772173168418","1.5804962045334983","1.4926908598371929","1.4141281830036563","1.3434217738534735","1.4926908598371929","1.6792772173168418","1.9191739626478193","1.7912290318046313","1.6792772173168418","1.4926908598371929","1.4141281830036563","1.3434217738534735","1.2794493084318794","1.221292521684976","1.1681928468291074"
"Generationen: 2500","Crossover: ox2","C-Rate: 1.0","Mutation: Exchange","M-Rate: 0.7","RouletteWheel-S.","T-Size: ---","Reinsertion-Rate: 0.2","Generation-Gap: 0.5","Selection-Pressure: 1.2","GPS Frequenz: 8"
"Iteration","total duration","relative totalduration","avg. duration","standard deviation","avg.DiffrentCitiesofBest","avg.DiffrentCitiesofAll","calc. time","time"
"2499","21349","21349","21575","123","4","4","8:0:10","|ID:0 49.179775 8.752588|ID:36 49.183469 8.775872|ID:25 49.142551 8.769687|ID:1 49.154036 8.718574|ID:16 49.138169 8.661563|ID:2 49.106847 8.814816|ID:12 49.142084 8.85242|ID:26 49.148713 8.807257|ID:31 49.107595 8.782017|ID:27 49.118803 8.76645|ID:28 49.176203 8.785493|ID:15 49.177741 8.796049|ID:37 49.179303 8.810762|ID:35 49.151327 8.811024|ID:11 49.147033 8.806347|ID:24 49.175442 8.749427|ID:8 49.145212 8.688068|ID:17 49.14749 8.655874|ID:7 49.124447 8.716669|ID:4 49.138372 8.770976|ID:20 49.110618 8.815909|ID:34 49.110088 8.858825|ID:3 49.100604 8.854045|ID:21 49.120982 8.724765|ID:9 49.155876 8.72469|ID:29 49.140226 8.686995|ID:39 49.108844 8.715623|ID:22 49.088492 8.769808|ID:19 49.121084 8.723739|ID:14 49.17413 8.836061|ID:13 49.187562 8.817072|ID:38 49.178439 8.801008|ID:33 49.099043 8.858203|ID:32 49.088201 8.788462|ID:5 49.104066 8.745913|ID:23 49.099789 8.738246|ID:6 49.107418 8.712167|ID:18 49.148566 8.693831|ID:30 49.105682 8.748116|ID:10 49.175942 8.792577|"
"Start","21302","21531","123","4","4","-","8:0:0"
"Intersection-1505107457","21305","21307.0","21527","109","4","4","4","8:0:2"
"GPS-G0","21300","21308.0","21539","165","4","4","4","8:0:8"
"GPS-G1","21295","21311.0","21521","123","4","4","4","8:0:16"
"Intersection-1505107292","21296","21319.0","21535","141","4","4","4","8:0:22"
"GPS-G2","21296","21320.0","21519","120","3","4","4","8:0:24"
"GPS-G3","21287","21319.0","21516","123","4","4","4","8:0:32"
"GPS-G4","21278","21319.0","21504","129","3","4","4","8:0:40"
"GPS-G5","21273","21322.0","21520","151","4","4","4","8:0:48"
"Intersection-1505107204","21280","21336.0","21510","132","4","4","4","8:0:55"
"GPS-G6","21280","21336.0","21528","173","4","4","4","8:0:56"
"GPS-G7","21272","21337.0","21499","121","4","4","4","8:1:4"
"GPS-G8","21266","21338.0","21492","122","4","4","4","8:1:12"
"GPS-G9","21259","21340.0","21492","127","4","4","4","8:1:20"
"GPS-G10","21251","21339.0","21493","141","3","4","4","8:1:28"
"GPS-G11","21246","21343.0","21471","121","3","4","4","8:1:36"
"GPS-G12","21237","21341.0","21485","171","4","4","4","8:1:44"
"GPS-G13","21232","21344.0","21465","127","3","4","4","8:1:52"
"GPS-G14","21224","21345.0","21456","135","4","4","4","8:2:0"
"GPS-G15","21217","21346.0","21453","152","4","4","4","8:2:8"
"Intersection-1505107139","21217","21350.0","21442","129","4","4","4","8:2:14"
"GPS-G16","21215","21352.0","21436","117","3","4","4","8:2:16"
"GPS-G17","21210","21355.0","21455","151","3","4","4","8:2:24"
"Intersection-410351384","21235","21382.0","21472","150","4","4","4","8:2:27"
"GPS-G18","21231","21384.0","21467","143","3","4","4","8:2:32"
"GPS-G19","21225","21385.0","21465","139","3","4","4","8:2:40"
"GPS-G20","21219","21388.0","21443","128","4","4","4","8:2:48"
"GPS-G21","21211","21387.0","21431","115","3","4","4","8:2:56"
"GPS-G22","21202","21387.0","21446","162","4","4","4","8:3:4"
"GPS-G23","21199","21391.0","21443","149","4","4","4","8:3:12"
"GPS-G24","21189","21390.0","21419","116","4","4","4","8:3:20"
"GPS-G25","21183","21392.0","21404","108","4","4","4","8:3:28"
"GPS-G26","21176","21393.0","21414","148","3","4","4","8:3:36"
"GPS-G27","21170","21394.0","21399","147","4","4","4","8:3:44"
"GPS-G28","21164","21396.0","21389","130","3","4","4","8:3:52"
"GPS-G29","21156","21396.0","21391","131","4","4","4","8:4:0"
"GPS-G30","21151","21399.0","21389","140","4","4","4","8:4:8"
"GPS-G31","21143","21399.0","21374","136","3","4","4","8:4:16"
"GPS-G32","21134","21399.0","21371","164","4","4","4","8:4:24"
"GPS-G33","21130","21402.0","21382","169","4","4","4","8:4:32"
"Intersection-140245508","21119","21401.0","21365","158","4","4","4","8:4:41"
"City-36","20994","21277.0","21224","125","4","4","4","8:4:42"
"Intersection-140245508","21030","21315.0","21249","106","4","4","4","8:4:45"
"GPS-G0","21024","21314.0","21264","166","4","4","4","8:4:50"
"GPS-G1","21019","21317.0","21251","136","3","4","4","8:4:58"
"GPS-G2","21009","21316.0","21248","146","3","4","4","8:5:6"
"GPS-G3","21003","21318.0","21244","172","3","4","4","8:5:14"
"GPS-G4","20996","21319.0","21218","118","3","4","4","8:5:22"
"GPS-G5","20990","21320.0","21221","136","4","4","4","8:5:30"
"GPS-G6","20984","21323.0","21212","116","4","4","4","8:5:38"
"GPS-G7","20975","21321.0","21223","159","3","4","4","8:5:46"
"GPS-G8","20968","21322.0","21198","126","3","4","4","8:5:54"
"GPS-G9","20964","21326.0","21198","138","3","4","4","8:6:2"
"GPS-G10","20956","21326.0","21184","124","4","4","4","8:6:10"
"GPS-G11","20951","21329.0","21178","123","4","4","4","8:6:18"
"GPS-G12","20941","21327.0","21200","182","3","4","4","8:6:26"
"GPS-G13","20934","21329.0","21173","164","4","4","4","8:6:34"
"GPS-G14","20928","21331.0","21153","110","4","4","4","8:6:42"
"GPS-G15","20920","21331.0","21173","211","3","4","4","8:6:50"
"GPS-G16","20915","21334.0","21133","101","3","4","4","8:6:58"
"Intersection-410351384","20913","21332.0","21152","139","3","4","4","8:6:59"
"GPS-G17","20908","21335.0","21149","132","4","4","4","8:7:6"
"Intersection-1505107139","20906","21338.0","21148","161","3","4","4","8:7:12"
"GPS-G18","20905","21340.0","21152","164","4","4","4","8:7:14"
"GPS-G19","20895","21338.0","21133","137","4","4","4","8:7:22"
"GPS-G20","20890","21341.0","21122","125","4","4","4","8:7:30"
"Intersection-457962545","20891","21341.0","21149","186","4","4","4","8:7:30"
"Intersection-1505142704","20895","21348.0","21112","100","3","4","4","8:7:32"
"GPS-G21","20889","21348.0","21139","197","3","4","4","8:7:38"
"GPS-G22","20883","21350.0","21111","112","4","4","4","8:7:46"
"GPS-G23","20877","21351.0","21108","123","3","4","4","8:7:54"
"Intersection-1505142694","20885","21365.0","21114","123","4","4","4","8:8:0"
"GPS-G24","20884","21367.0","21129","169","4","4","4","8:8:2"
"GPS-G25","20879","21370.0","21109","124","3","4","4","8:8:10"
"GPS-G26","20871","21370.0","21096","118","4","4","4","8:8:18"
"GPS-G27","20864","21371.0","21086","111","4","4","4","8:8:26"
"GPS-G28","20859","21374.0","21084","119","3","4","4","8:8:34"
"GPS-G29","20851","21373.0","21071","103","4","4","4","8:8:42"
"GPS-G30","20844","21375.0","21091","143","4","4","4","8:8:50"
"GPS-G31","20836","21375.0","21085","151","3","4","4","8:8:58"
"GPS-G32","20830","21376.0","21077","144","4","4","4","8:9:6"
"Intersection-33843552","20890","21439.0","21134","148","4","4","4","8:9:9"
"GPS-G33","20886","21441.0","21102","102","4","4","4","8:9:14"
"GPS-G34","20878","21440.0","21104","112","4","4","4","8:9:22"
"GPS-G35","20872","21442.0","21104","134","4","4","4","8:9:30"
"GPS-G36","20864","21442.0","21091","130","3","4","4","8:9:38"
"GPS-G37","20858","21444.0","21092","136","3","4","4","8:9:46"
"GPS-G38","20852","21447.0","21096","179","4","4","4","8:9:54"
"GPS-G39","20843","21446.0","21128","253","3","4","4","8:10:2"
"GPS-G40","20838","21449.0","21096","192","4","4","4","8:10:10"
"GPS-G41","20831","21450.0","21057","121","4","4","4","8:10:18"
"GPS-G42","20824","21450.0","21050","124","3","4","4","8:10:26"
"GPS-G43","20817","21451.0","21041","128","4","4","4","8:10:34"
"GPS-G44","20810","21452.0","21041","135","4","4","4","8:10:42"
"GPS-G45","20804","21454.0","21050","174","3","4","4","8:10:50"
"GPS-G46","20796","21455.0","21034","147","4","4","4","8:10:58"
"GPS-G47","20788","21455.0","21025","133","4","4","4","8:11:6"
"GPS-G48","20784","21459.0","21066","301","4","4","4","8:11:14"
"GPS-G49","20775","21458.0","20999","118","4","4","4","8:11:22"
"GPS-G50","20770","21461.0","20999","125","4","4","4","8:11:30"
"GPS-G51","20762","21461.0","20986","118","3","4","4","8:11:38"
"GPS-G52","20754","21460.0","20993","131","4","4","4","8:11:46"
"GPS-G53","20749","21464.0","20967","102","4","4","4","8:11:54"
"GPS-G54","20740","21462.0","20990","165","4","4","4","8:12:2"
"GPS-G55","20735","21466.0","20962","119","3","4","4","8:12:10"
"GPS-G56","20728","21467.0","20949","103","4","4","4","8:12:18"
"GPS-G57","20721","21467.0","20978","175","4","4","4","8:12:26"
"GPS-G58","20715","21469.0","20977","183","3","4","4","8:12:34"
"GPS-G59","20706","21469.0","20945","128","4","4","4","8:12:42"
"GPS-G60","20701","21471.0","20933","112","4","4","4","8:12:50"
"GPS-G61","20694","21473.0","20947","161","4","4","4","8:12:58"
"GPS-G62","20685","21472.0","20995","283","4","4","4","8:13:6"
"GPS-G63","20681","21476.0","20951","176","3","4","4","8:13:14"
"GPS-G64","20672","21475.0","20913","128","4","4","4","8:13:22"
"GPS-G65","20667","21478.0","20906","133","4","4","4","8:13:30"
"GPS-G66","20660","21479.0","20912","150","4","4","4","8:13:38"
"Intersection-457717353","20671","21495.0","20942","197","3","4","4","8:13:43"
"GPS-G67","20670","21497.0","20934","166","3","4","4","8:13:46"
"GPS-G68","20661","21496.0","20916","161","3","4","4","8:13:54"
"GPS-G69","20657","21500.0","20889","121","3","4","4","8:14:2"
"GPS-G70","20648","21499.0","20902","145","4","4","4","8:14:10"
"GPS-G71","20643","21502.0","20891","142","3","4","4","8:14:18"
"GPS-G72","20636","21503.0","20895","161","4","4","4","8:14:26"
"GPS-G73","20629","21503.0","20890","158","3","4","4","8:14:34"
"GPS-G74","20623","21506.0","20869","140","4","4","4","8:14:42"
"GPS-G75","20614","21504.0","20852","115","4","4","4","8:14:50"
"Intersection-457640288","20609","21502.0","20861","135","4","4","4","8:14:53"
"Intersection-33843538","20620","21516.0","20867","134","4","4","4","8:14:55"
"GPS-G76","20618","21517.0","20868","151","4","4","4","8:14:58"
"GPS-G77","20610","21516.0","20920","257","3","4","4","8:15:6"
"GPS-G78","20603","21517.0","20852","166","4","4","4","8:15:14"
"GPS-G79","20598","21520.0","20832","113","4","4","4","8:15:22"
"GPS-G80","20590","21520.0","20819","106","4","4","4","8:15:30"
"GPS-G81","20585","21523.0","20821","114","4","4","4","8:15:38"
"GPS-G82","20577","21523.0","20833","145","4","4","4","8:15:46"
"Intersection-33843536","20579","21527.0","20825","139","4","4","4","8:15:48"
"GPS-G83","20575","21529.0","20836","163","4","4","4","8:15:54"
"GPS-G84","20569","21531.0","20820","135","3","4","4","8:16:2"
"GPS-G85","20562","21533.0","20832","178","3","4","4","8:16:10"
"Intersection-345873496","20564","21537.0","20828","180","3","4","4","8:16:12"
"GPS-G86","20561","21540.0","20797","114","4","4","4","8:16:18"
"GPS-G87","20552","21539.0","20807","136","4","4","4","8:16:26"
"GPS-G88","20547","21542.0","20824","210","3","4","4","8:16:34"
"Intersection-33843529","20553","21552.0","20807","151","3","4","4","8:16:38"
"GPS-G89","20550","21552.0","20799","134","3","4","4","8:16:42"
"GPS-G90","20542","21553.0","20802","168","4","4","4","8:16:50"
"GPS-G91","20535","21554.0","20800","176","4","4","4","8:16:58"
"GPS-G92","20527","21554.0","20804","203","4","4","4","8:17:6"
"GPS-G93","20520","21555.0","20781","173","4","4","4","8:17:14"
"Intersection-330907223","20519","21558.0","20777","173","4","4","4","8:17:19"
"GPS-G94","20517","21560.0","20769","166","4","4","4","8:17:22"
"GPS-G95","20509","21560.0","20752","134","4","4","4","8:17:30"
"GPS-G96","20504","21563.0","20769","213","4","4","4","8:17:38"
"Intersection-345674915","20489","21554.0","20729","123","3","4","4","8:17:46"
"City-25","20316","21386.0","20568","143","3","4","4","8:17:50"
"GPS-G0","20312","21390.0","20594","211","4","4","4","8:17:58"
"Intersection-345674915","20307","21389.0","20588","211","4","4","4","8:18:3"
"GPS-G1","20307","21392.0","20558","136","4","4","4","8:18:6"
"GPS-G2","20299","21392.0","20552","137","4","4","4","8:18:14"
"GPS-G3","20293","21394.0","20540","124","4","4","4","8:18:22"
"Intersection-330907223","20295","21405.0","20539","123","4","4","4","8:18:29"
"GPS-G4","20294","21403.0","20538","123","4","4","4","8:18:30"
"GPS-G5","20287","21404.0","20541","140","4","4","4","8:18:38"
"GPS-G6","20279","21404.0","20534","141","4","4","4","8:18:46"
"GPS-G7","20274","21407.0","20529","141","4","4","4","8:18:54"
"GPS-G8","20263","21405.0","20516","129","4","4","4","8:19:2"
"GPS-G9","20259","21408.0","20507","122","4","4","4","8:19:10"
"Intersection-33843529","20264","21415.0","20503","114","4","4","4","8:19:10"
"GPS-G10","20257","21415.0","20497","115","4","4","4","8:19:18"
"GPS-G11","20250","21416.0","20484","107","4","4","4","8:19:26"
"GPS-G12","20243","21417.0","20478","107","4","4","4","8:19:34"
"Intersection-345873496","20249","21426.0","20481","107","4","4","4","8:19:36"
"GPS-G13","20241","21423.0","20482","122","4","4","4","8:19:42"
"GPS-G14","20236","21426.0","20470","108","4","4","4","8:19:50"
"GPS-G15","20230","21427.0","20464","107","4","4","4","8:19:58"
"Intersection-33843536","20235","21436.0","20478","134","4","4","4","8:20:0"
"GPS-G16","20231","21437.0","20481","153","4","4","4","8:20:6"
"GPS-G17","20225","21439.0","20474","153","4","4","4","8:20:14"
"GPS-G18","20217","21438.0","20467","153","4","4","4","8:20:22"
"GPS-G19","20212","21442.0","20473","177","4","4","4","8:20:30"
"GPS-G20","20203","21440.0","20462","158","3","4","4","8:20:38"
"Intersection-33843538","20204","21445.0","20462","158","3","4","4","8:20:40"
"Intersection-457640288","20217","21459.0","20470","157","3","4","4","8:20:42"
"GPS-G21","20213","21459.0","20468","158","3","4","4","8:20:46"
"GPS-G22","20207","21461.0","20480","214","3","4","4","8:20:54"
"GPS-G23","20197","21458.0","20518","289","4","4","4","8:21:2"
"GPS-G24","20192","21462.0","20453","163","4","4","4","8:21:10"
"GPS-G25","20184","21461.0","20450","162","4","4","4","8:21:18"
"GPS-G26","20179","21464.0","20440","153","3","4","4","8:21:26"
"Intersection-457717353","20211","21501.0","20463","167","3","4","4","8:21:30"
"GPS-G27","20208","21502.0","20461","167","3","4","4","8:21:34"
"GPS-G28","20199","21500.0","20454","167","3","4","4","8:21:42"
"GPS-G29","20193","21503.0","20448","168","3","4","4","8:21:50"
"GPS-G30","20187","21504.0","20429","138","4","4","4","8:21:58"
"GPS-G31","20179","21504.0","20422","139","4","4","4","8:22:6"
"GPS-G32","20173","21506.0","20416","138","4","4","4","8:22:14"
"GPS-G33","20165","21506.0","20410","139","4","4","4","8:22:22"
"GPS-G34","20157","21507.0","20400","128","4","4","4","8:22:30"
"GPS-G35","20154","21511.0","20394","128","4","4","4","8:22:38"
"GPS-G36","20144","21510.0","20388","129","4","4","4","8:22:46"
"GPS-G37","20141","21514.0","20383","129","4","4","4","8:22:54"
"GPS-G38","20131","21513.0","20370","115","4","4","4","8:23:2"
"GPS-G39","20123","21513.0","20373","140","4","4","4","8:23:10"
"GPS-G40","20118","21516.0","20364","129","3","4","4","8:23:18"
"GPS-G41","20111","21517.0","20362","140","4","4","4","8:23:26"
"GPS-G42","20105","21519.0","20357","143","4","4","4","8:23:34"
"GPS-G43","20097","21518.0","20401","229","4","4","4","8:23:42"
"GPS-G44","20089","21518.0","20359","160","4","4","4","8:23:50"
"GPS-G45","20085","21522.0","20334","130","4","4","4","8:23:58"
"GPS-G46","20076","21521.0","20337","159","4","4","4","8:24:6"
"GPS-G47","20071","21524.0","20316","117","4","4","4","8:24:14"
"GPS-G48","20063","21525.0","20309","116","4","4","4","8:24:22"
"GPS-G49","20056","21526.0","20314","143","4","4","4","8:24:30"
"GPS-G50","20054","21532.0","20298","116","4","4","4","8:24:38"
"Intersection-33843552","20066","21545.0","20349","193","4","4","4","8:24:38"
"GPS-G51","20059","21545.0","20307","117","4","4","4","8:24:46"
"GPS-G52","20055","21548.0","20302","117","4","4","4","8:24:54"
"GPS-G53","20049","21551.0","20302","131","4","4","4","8:25:2"
"GPS-G54","20041","21550.0","20304","160","4","4","4","8:25:10"
"GPS-G55","20037","21555.0","20330","204","4","4","4","8:25:18"
"GPS-G56","20030","21555.0","20323","203","4","4","4","8:25:26"
"GPS-G57","20025","21559.0","20305","181","4","4","4","8:25:34"
"GPS-G58","20019","21560.0","20289","157","4","4","4","8:25:42"
"Intersection-1505142694","20016","21564.0","20274","137","4","4","4","8:25:47"
"GPS-G59","20015","21564.0","20283","164","4","4","4","8:25:50"
"GPS-G60","20005","21563.0","20275","164","4","4","4","8:25:58"
"Intersection-297199633","20005","21570.0","20274","164","4","4","4","8:26:5"
"GPS-G61","20001","21567.0","20279","175","4","4","4","8:26:6"
"GPS-G62","19998","21571.0","20257","137","4","4","4","8:26:14"
"GPS-G63","19993","21574.0","20251","136","4","4","4","8:26:22"
"Intersection-1505142699","19987","21571.0","20247","137","4","4","4","8:26:24"
"GPS-G64","19983","21572.0","20243","138","4","4","4","8:26:30"
"GPS-G65","19976","21573.0","20246","159","4","4","4","8:26:38"
"GPS-G66","19972","21577.0","20252","187","4","4","4","8:26:46"
"Intersection-1505142765","19973","21587.0","20233","137","4","4","4","8:26:53"
"GPS-G67","19973","21587.0","20232","137","4","4","4","8:26:54"
"GPS-G68","19968","21589.0","20221","124","4","4","4","8:27:2"
"GPS-G69","19960","21590.0","20263","219","4","4","4","8:27:10"
"GPS-G70","19956","21593.0","20254","210","4","4","4","8:27:18"
"GPS-G71","19950","21596.0","20237","189","4","4","4","8:27:26"
"GPS-G72","19943","21596.0","20234","201","4","4","4","8:27:34"
"GPS-G73","19939","21600.0","20229","201","4","4","4","8:27:42"
"Intersection-297200789","19938","21602.0","20230","201","4","4","4","8:27:44"
"GPS-G74","19936","21605.0","20227","201","4","4","4","8:27:50"
"Intersection-297200329","19931","21604.0","20190","143","4","4","4","8:27:52"
"GPS-G75","19927","21605.0","20182","133","3","4","4","8:27:58"
"GPS-G76","19922","21607.0","20177","133","3","4","4","8:28:6"
"Intersection-278992297","19940","21626.0","20208","169","4","4","4","8:28:7"
"GPS-G77","19934","21627.0","20204","169","4","4","4","8:28:14"
"GPS-G78","19929","21631.0","20199","169","4","4","4","8:28:22"
"GPS-G79","19925","21635.0","20180","141","4","4","4","8:28:30"
"GPS-G80","19916","21634.0","20173","141","4","4","4","8:28:38"
"GPS-G81","19911","21637.0","20176","155","3","4","4","8:28:46"
"GPS-G82","19904","21637.0","20169","154","3","4","4","8:28:54"
"GPS-G83","19897","21638.0","20162","154","3","4","4","8:29:2"
"GPS-G84","19895","21644.0","20139","114","3","4","4","8:29:10"
"GPS-G85","19886","21644.0","20138","129","3","4","4","8:29:18"
"GPS-G86","19883","21648.0","20138","140","3","4","4","8:29:26"
"GPS-G87","19875","21649.0","20131","140","3","4","4","8:29:34"
"GPS-G88","19867","21649.0","20113","114","4","4","4","8:29:42"
"GPS-G89","19864","21654.0","20108","114","4","4","4","8:29:50"
"GPS-G90","19857","21654.0","20108","128","3","4","4","8:29:58"
"Intersection-275432408","19921","21725.0","20151","110","4","4","4","8:30:4"
"GPS-G91","19917","21722.0","20167","150","3","3","3","8:30:6"
"GPS-G92","19912","21725.0","20161","151","3","3","3","8:30:14"
"GPS-G93","19905","21726.0","20155","150","3","3","3","8:30:22"
"GPS-G94","19897","21726.0","20153","166","3","4","4","8:30:30"
"GPS-G95","19891","21728.0","20148","166","3","4","4","8:30:38"
"GPS-G96","19882","21728.0","20141","167","3","4","4","8:30:46"
"GPS-G97","19878","21731.0","20136","167","3","4","4","8:30:54"
"GPS-G98","19871","21733.0","20114","130","3","4","4","8:31:2"
"GPS-G99","19862","21732.0","20099","112","4","4","4","8:31:10"
"GPS-G100","19857","21735.0","20094","112","4","4","4","8:31:18"
"GPS-G101","19849","21735.0","20088","113","4","4","4","8:31:26"
"GPS-G102","19843","21737.0","20082","113","4","4","4","8:31:34"
"GPS-G103","19836","21738.0","20086","138","3","4","4","8:31:42"
"GPS-G104","19829","21738.0","20076","128","3","4","4","8:31:50"
"GPS-G105","19823","21741.0","20064","113","3","4","4","8:31:58"
"GPS-G106","19815","21740.0","20064","128","3","4","4","8:32:6"
"GPS-G107","19809","21742.0","20059","128","3","4","4","8:32:14"
"GPS-G108","19804","21745.0","20053","128","3","4","4","8:32:22"
"GPS-G109","19793","21743.0","20046","128","3","4","4","8:32:30"
"GPS-G110","19789","21747.0","20040","128","3","4","4","8:32:38"
"GPS-G111","19781","21746.0","20034","130","3","4","4","8:32:46"
"GPS-G112","19776","21750.0","20062","216","3","3","3","8:32:54"
"GPS-G113","19772","21753.0","20034","153","3","3","3","8:33:2"
"GPS-G114","19763","21753.0","20026","152","3","3","3","8:33:10"
"GPS-G115","19760","21757.0","20021","151","3","3","3","8:33:18"
"GPS-G116","19752","21758.0","20015","151","3","3","3","8:33:26"
"GPS-G117","19746","21759.0","20005","142","3","4","4","8:33:34"
"GPS-G118","19742","21764.0","19999","142","3","4","4","8:33:42"
"GPS-G119","19735","21764.0","19997","151","3","3","3","8:33:50"
"GPS-G120","19729","21767.0","19991","151","3","3","3","8:33:58"
"GPS-G121","19722","21767.0","19979","140","3","4","4","8:34:6"
"GPS-G122","19714","21768.0","19968","132","3","4","4","8:34:14"
"GPS-G123","19713","21775.0","19971","142","3","4","4","8:34:22"
"GPS-G124","19704","21774.0","19963","142","3","4","4","8:34:30"
"GPS-G125","19700","21778.0","19962","151","3","3","3","8:34:38"
"GPS-G126","19693","21778.0","19944","128","3","4","4","8:34:46"
"GPS-G127","19687","21780.0","19938","128","3","4","4","8:34:54"
"GPS-G128","19683","21784.0","19934","129","3","4","4","8:35:2"
"GPS-G129","19675","21785.0","19927","129","3","4","4","8:35:10"
"GPS-G130","19670","21787.0","19942","182","3","4","4","8:35:18"
"GPS-G131","19662","21788.0","19915","130","3","4","4","8:35:26"
"GPS-G132","19656","21789.0","19893","106","3","4","4","8:35:34"
"GPS-G133","19652","21794.0","19888","105","3","4","4","8:35:42"
"Intersection-2473439609","19652","21800.0","19910","167","3","4","4","8:35:47"
"Intersection-1805625869","19646","21794.0","19928","197","4","4","4","8:35:47"
"GPS-G134","19642","21792.0","19925","198","4","4","4","8:35:50"
"City-1","19492","21650.0","19776","198","4","4","4","8:35:58"
"Intersection-309500925","19498","21657.0","19781","198","4","4","4","8:35:58"
"GPS-G0","19491","21657.0","19771","191","3","4","4","8:36:6"
"Intersection-309501110","19482","21655.0","19740","144","3","4","4","8:36:13"
"GPS-G1","19484","21658.0","19740","143","3","4","4","8:36:14"
"Intersection-309500959","19486","21666.0","19735","130","4","4","4","8:36:21"
"GPS-G2","19484","21667.0","19756","183","4","4","4","8:36:22"
"GPS-G3","19477","21667.0","19746","170","3","4","4","8:36:30"
"GPS-G4","19470","21669.0","19740","170","3","4","4","8:36:38"
"Intersection-18224252","19476","21680.0","19728","132","4","4","4","8:36:45"
"GPS-G5","19475","21682.0","19728","131","4","4","4","8:36:46"
"GPS-G6","19470","21685.0","19722","132","4","4","4","8:36:54"
"GPS-G7","19463","21686.0","19716","132","4","4","4","8:37:2"
"GPS-G8","19458","21689.0","19710","132","4","4","4","8:37:10"
"GPS-G9","19454","21692.0","19705","131","4","4","4","8:37:18"
"GPS-G10","19445","21691.0","19697","130","4","4","4","8:37:26"
"GPS-G11","19443","21697.0","19693","130","4","4","4","8:37:34"
"GPS-G12","19434","21697.0","19686","130","4","4","4","8:37:42"
"GPS-G13","19430","21700.0","19690","159","4","4","4","8:37:50"
"GPS-G14","19424","21703.0","19691","170","4","4","4","8:37:58"
"GPS-G15","19417","21703.0","19685","169","4","4","4","8:38:6"
"GPS-G16","19410","21705.0","19662","130","4","4","4","8:38:14"
"Intersection-325720737","19439","21740.0","19701","159","4","4","4","8:38:20"
"GPS-G17","19426","21728.0","19687","159","4","4","4","8:38:22"
"GPS-G18","19427","21738.0","19665","108","4","4","4","8:38:30"
"GPS-G19","19428","21746.0","19665","108","4","4","4","8:38:38"
"GPS-G20","19418","21745.0","19664","123","4","4","4","8:38:46"
"GPS-G21","19415","21750.0","19659","123","4","4","4","8:38:54"
"GPS-G22","19406","21749.0","19667","169","4","4","4","8:39:2"
"GPS-G23","19402","21753.0","19641","108","4","4","4","8:39:10"
"GPS-G24","19397","21755.0","19645","135","4","4","4","8:39:18"
"GPS-G25","19389","21755.0","19648","168","4","4","4","8:39:26"
"GPS-G26","19386","21760.0","19644","168","4","4","4","8:39:34"
"GPS-G27","19378","21761.0","19633","154","4","4","4","8:39:42"
"GPS-G28","19373","21763.0","19631","144","3","4","4","8:39:50"
"GPS-G29","19369","21768.0","19632","154","3","4","4","8:39:58"
"GPS-G30","19360","21766.0","19625","154","3","4","4","8:40:6"
"GPS-G31","19355","21770.0","19620","154","3","4","4","8:40:14"
"GPS-G32","19347","21769.0","19602","132","3","4","4","8:40:22"
"GPS-G33","19340","21771.0","19599","144","3","4","4","8:40:30"
"GPS-G34","19338","21776.0","19591","132","3","4","4","8:40:38"
"GPS-G35","19329","21776.0","19584","132","3","4","4","8:40:46"
"GPS-G36","19325","21779.0","19579","132","4","4","4","8:40:54"
"GPS-G37","19318","21781.0","19582","153","4","4","4","8:41:2"
"GPS-G38","19312","21782.0","19576","153","4","4","4","8:41:10"
"GPS-G39","19308","21786.0","19571","153","4","4","4","8:41:18"
"GPS-G40","19300","21786.0","19564","153","4","4","4","8:41:26"
"GPS-G41","19295","21789.0","19559","153","4","4","4","8:41:34"
"GPS-G42","19288","21791.0","19553","154","4","4","4","8:41:42"
"GPS-G43","19280","21791.0","19542","144","3","4","4","8:41:50"
"GPS-G44","19278","21796.0","19547","169","4","4","4","8:41:58"
"Intersection-292478501","19277","21800.0","19530","131","4","4","4","8:42:3"
"GPS-G45","19275","21802.0","19528","131","4","4","4","8:42:6"
"GPS-G46","19269","21804.0","19508","108","4","4","4","8:42:14"
"GPS-G47","19264","21806.0","19502","108","4","4","4","8:42:22"
"Intersection-277152046","19256","21805.0","19494","108","4","4","4","8:42:28"
"GPS-G48","19256","21806.0","19495","108","4","4","4","8:42:30"
"GPS-G49","19251","21809.0","19492","115","4","4","4","8:42:38"
"Intersection-18224277","19255","21816.0","19497","115","4","4","4","8:42:41"
"GPS-G50","19251","21818.0","19495","123","4","4","4","8:42:46"
"GPS-G51","19244","21818.0","19499","154","4","4","4","8:42:54"
"GPS-G52","19239","21822.0","19485","125","3","4","4","8:43:2"
"GPS-G53","19232","21822.0","19482","137","3","4","4","8:43:10"
"GPS-G54","19226","21825.0","19486","170","4","4","4","8:43:18"
"GPS-G55","19222","21829.0","19471","136","3","4","4","8:43:26"
"Intersection-18224280","19226","21834.0","19485","169","4","4","4","8:43:28"
"GPS-G56","19223","21837.0","19460","109","4","4","4","8:43:34"
"GPS-G57","19215","21837.0","19454","109","4","4","4","8:43:42"
"GPS-G58","19211","21841.0","19462","138","3","4","4","8:43:50"
"GPS-G59","19203","21842.0","19455","138","3","4","4","8:43:58"
"GPS-G60","19199","21845.0","19443","123","4","4","4","8:44:6"
"Intersection-277152049","19196","21849.0","19466","186","4","4","4","8:44:13"
"GPS-G61","19194","21848.0","19451","149","3","4","4","8:44:14"
"GPS-G62","19188","21851.0","19447","147","4","4","4","8:44:22"
"GPS-G63","19181","21851.0","19426","116","4","4","4","8:44:30"
"Intersection-18224284","19191","21864.0","19435","117","4","4","4","8:44:33"
"GPS-G64","19184","21863.0","19437","131","4","4","4","8:44:38"
"GPS-G65","19181","21868.0","19425","124","3","4","4","8:44:46"
"GPS-G66","19172","21867.0","19419","125","3","4","4","8:44:54"
"GPS-G67","19168","21871.0","19426","144","3","4","4","8:45:2"
"GPS-G68","19162","21872.0","19426","155","3","4","4","8:45:10"
"GPS-G69","19155","21874.0","19423","161","3","4","4","8:45:18"
"GPS-G70","19151","21877.0","19411","144","3","4","4","8:45:26"
"GPS-G71","19143","21878.0","19404","145","3","4","4","8:45:34"
"GPS-G72","19137","21879.0","19398","145","3","4","4","8:45:42"
"Intersection-18224290","19149","21894.0","19411","145","3","4","4","8:45:44"
"GPS-G73","19146","21897.0","19416","164","3","4","4","8:45:50"
"GPS-G74","19141","21899.0","19410","164","3","4","4","8:45:58"
"GPS-G75","19137","21903.0","19400","153","3","4","4","8:46:6"
"GPS-G76","19129","21903.0","19393","153","3","4","4","8:46:14"
"GPS-G77","19125","21907.0","19363","108","4","4","4","8:46:22"
"GPS-G78","19117","21908.0","19362","123","4","4","4","8:46:30"
"GPS-G79","19111","21909.0","19356","125","4","4","4","8:46:38"
"GPS-G80","19106","21913.0","19351","124","4","4","4","8:46:46"
"GPS-G81","19098","21912.0","19369","213","4","4","4","8:46:54"
"GPS-G82","19092","21915.0","19382","230","4","4","4","8:47:2"
"GPS-G83","19088","21918.0","19375","230","4","4","4","8:47:10"
"GPS-G84","19080","21919.0","19369","230","4","4","4","8:47:18"
"GPS-G85","19076","21922.0","19364","229","4","4","4","8:47:26"
"Intersection-303768311","19076","21925.0","19339","154","3","4","4","8:47:28"
"GPS-G86","19072","21927.0","19318","117","4","4","4","8:47:34"
"Intersection-291894407","19072","21933.0","19316","115","4","4","4","8:47:41"
"GPS-G87","19071","21933.0","19321","129","4","4","4","8:47:42"
"GPS-G88","19065","21936.0","19316","129","4","4","4","8:47:50"
"GPS-G89","19060","21938.0","19310","129","4","4","4","8:47:58"
"GPS-G90","19053","21940.0","19304","129","4","4","4","8:48:6"
"GPS-G91","19048","21942.0","19293","115","4","4","4","8:48:14"
"GPS-G92","19042","21945.0","19296","140","4","4","4","8:48:22"
"Intersection-2269883235","19040","21943.0","19300","160","4","4","4","8:48:24"
"GPS-G93","19034","21944.0","19285","130","4","4","4","8:48:30"
"Intersection-302327505","19035","21951.0","19291","142","4","4","4","8:48:36"
"GPS-G94","19035","21953.0","19308","201","4","4","4","8:48:38"
"GPS-G95","19028","21955.0","19286","143","3","4","4","8:48:46"
"GPS-G96","19022","21956.0","19273","131","3","4","4","8:48:54"
"GPS-G97","19016","21958.0","19263","119","4","4","4","8:49:2"
"GPS-G98","19010","21960.0","19248","109","4","4","4","8:49:10"
"Intersection-302327506","19014","21970.0","19271","168","4","4","4","8:49:16"
"GPS-G99","19010","21968.0","19269","168","4","4","4","8:49:18"
"GPS-G100","19005","21972.0","19256","130","4","4","4","8:49:26"
"GPS-G101","19000","21975.0","19251","131","3","4","4","8:49:34"
"GPS-G102","18994","21976.0","19245","131","3","4","4","8:49:42"
"Intersection-302327499","18987","21974.0","19239","131","3","4","4","8:49:47"
"GPS-G103","18986","21976.0","19247","160","4","4","4","8:49:50"
"Intersection-302922995","18979","21973.0","19239","159","4","4","4","8:49:54"
"Intersection-1156343831","18985","21983.0","19246","160","4","4","4","8:49:57"
"GPS-G104","18984","21983.0","19273","212","4","4","4","8:49:58"
"GPS-G105","18979","21985.0","19248","171","4","4","4","8:50:6"
"GPS-G106","18972","21987.0","19241","171","4","4","4","8:50:14"
"GPS-G107","18966","21988.0","19227","160","4","4","4","8:50:22"
"GPS-G108","18960","21991.0","19228","169","4","4","4","8:50:30"
"GPS-G109","18956","21994.0","19227","183","4","4","4","8:50:38"
"GPS-G110","18948","21995.0","19200","132","3","4","4","8:50:46"
"GPS-G111","18941","21995.0","19204","160","4","4","4","8:50:54"
"Intersection-302318562","18937","21994.0","19213","169","3","4","4","8:50:57"
"GPS-G112","18931","21994.0","19209","169","3","4","4","8:51:2"
"Intersection-3934293902","18925","21994.0","19193","150","4","4","4","8:51:8"
"GPS-G113","18922","21992.0","19194","160","4","4","4","8:51:10"
"Intersection-303768184","18926","21997.0","19177","132","4","4","4","8:51:11"
"GPS-G114","18909","21988.0","19184","184","4","4","4","8:51:18"
"GPS-G115","18913","21999.0","19198","200","3","4","4","8:51:26"
"City-16","18903","22001.0","19195","223","3","4","4","8:51:37"
"GPS-G0","18898","22003.0","19168","165","3","4","4","8:51:45"
"GPS-G1","18891","22005.0","19161","165","3","4","4","8:51:53"
"GPS-G2","18886","22007.0","19150","154","3","4","4","8:52:1"
"Intersection-303768184","18875","21998.0","19136","159","3","4","4","8:52:3"
"GPS-G3","18871","22000.0","19131","158","3","4","4","8:52:9"
"GPS-G4","18865","22003.0","19109","124","3","4","4","8:52:17"
"Intersection-303768175","18858","22003.0","19102","124","3","4","4","8:52:25"
"GPS-G5","18856","22001.0","19108","132","4","4","4","8:52:25"
"GPS-G6","18851","22005.0","19102","131","4","4","4","8:52:33"
"GPS-G7","18843","22004.0","19094","131","4","4","4","8:52:41"
"GPS-G8","18840","22010.0","19091","130","4","4","4","8:52:49"
"GPS-G9","18833","22010.0","19110","169","3","4","4","8:52:57"
"GPS-G10","18827","22013.0","19105","169","3","4","4","8:53:5"
"GPS-G11","18822","22016.0","19098","168","3","4","4","8:53:13"
"GPS-G12","18814","22016.0","19092","168","3","4","4","8:53:21"
"GPS-G13","18809","22018.0","19068","144","3","4","4","8:53:29"
"GPS-G14","18804","22021.0","19075","178","4","4","4","8:53:37"
"GPS-G15","18796","22022.0","19069","179","4","4","4","8:53:45"
"GPS-G16","18790","22024.0","19054","155","3","4","4","8:53:53"
"GPS-G17","18784","22026.0","19036","131","4","4","4","8:54:1"
"Intersection-303768171","18782","22028.0","19034","131","4","4","4","8:54:6"
"GPS-G18","18777","22027.0","19030","131","4","4","4","8:54:9"
"GPS-G19","18772","22029.0","19025","131","4","4","4","8:54:17"
"Intersection-303768216","18772","22032.0","19023","130","4","4","4","8:54:20"
"GPS-G20","18768","22033.0","19012","116","4","4","4","8:54:25"
"GPS-G21","18759","22033.0","19005","117","4","4","4","8:54:33"
"GPS-G22","18755","22036.0","19000","116","4","4","4","8:54:41"
"GPS-G23","18749","22039.0","19015","163","3","4","4","8:54:49"
"Intersection-303768308","18749","22040.0","18987","108","4","4","4","8:54:50"
"GPS-G24","18743","22040.0","18983","109","4","4","4","8:54:57"
"Intersection-303768312","18740","22043.0","18978","108","4","4","4","8:55:3"
"GPS-G25","18738","22044.0","18986","136","4","4","4","8:55:5"
"GPS-G26","18733","22046.0","18997","172","4","4","4","8:55:13"
"GPS-G27","18725","22047.0","19003","218","4","4","4","8:55:21"
"Intersection-303768309","18723","22046.0","19001","218","4","4","4","8:55:23"
"GPS-G28","18717","22047.0","18996","218","4","4","4","8:55:29"
"GPS-G29","18712","22050.0","18975","153","4","4","4","8:55:37"
"Intersection-304034970","18703","22047.0","18967","154","4","4","4","8:55:43"
"GPS-G30","18703","22048.0","18942","108","4","4","4","8:55:45"
"Intersection-303768311","18703","22050.0","18953","136","4","4","4","8:55:47"
"GPS-G31","18698","22052.0","18994","257","3","4","4","8:55:53"
"GPS-G32","18691","22052.0","18947","154","4","4","4","8:56:1"
"GPS-G33","18687","22056.0","18963","174","4","4","4","8:56:9"
"GPS-G34","18681","22059.0","18943","146","4","4","4","8:56:17"
"GPS-G35","18674","22060.0","18926","123","4","4","4","8:56:25"
"GPS-G36","18665","22059.0","18920","124","4","4","4","8:56:33"
"GPS-G37","18661","22062.0","18907","116","4","4","4","8:56:41"
"GPS-G38","18655","22064.0","18902","117","4","4","4","8:56:49"
"GPS-G39","18650","22068.0","18912","158","4","4","4","8:56:57"
"GPS-G40","18643","22069.0","18890","117","4","4","4","8:57:5"
"GPS-G41","18639","22072.0","18886","116","4","4","4","8:57:13"
"GPS-G42","18632","22074.0","18885","130","3","4","4","8:57:21"
"Intersection-18224290","20018","23462.0","20271","130","3","4","4","8:57:24"
"GPS-G43","19394","22843.0","19647","131","3","4","4","8:57:29"
"GPS-G44","21119","24577.0","21371","129","3","4","4","8:57:37"
"GPS-G45","22657","26123.0","22945","146","3","4","4","8:57:45"
"GPS-G46","19050","22524.0","19306","139","3","4","4","8:57:53"
"GPS-G47","19521","23002.0","19777","138","3","4","4","8:58:1"
"GPS-G48","19875","23365.0","20123","120","3","4","4","8:58:9"
"GPS-G49","22296","25793.0","22575","131","4","4","4","8:58:17"
"GPS-G50","20089","23595.0","20354","171","3","4","4","8:58:25"
"GPS-G51","22114","25628.0","22408","160","3","4","4","8:58:33"
"GPS-G52","25178","28700.0","25452","150","3","4","4","8:58:41"
"GPS-G53","26316","29846.0","26601","181","4","4","4","8:58:49"
"GPS-G54","20619","24157.0","20898","190","4","4","4","8:58:57"
"GPS-G55","21879","25425.0","22165","148","4","4","4","8:59:5"
"GPS-G56","24190","27743.0","24478","150","4","4","4","8:59:13"
"GPS-G57","27416","30977.0","27729","263","3","4","4","8:59:21"
"GPS-G58","18472","22042.0","18724","131","4","4","4","8:59:29"
"GPS-G59","18840","22417.0","19101","145","3","4","4","8:59:37"
"GPS-G60","20583","24169.0","20848","174","4","4","4","8:59:45"
"GPS-G61","22953","26547.0","23235","142","4","4","4","8:59:53"
"GPS-G62","18397","21998.0","18652","141","4","4","4","9:0:1"
"GPS-G63","18393","22003.0","18651","138","4","4","4","9:0:9"
"GPS-G64","18384","22002.0","18624","109","4","4","4","9:0:17"
"GPS-G65","18380","22006.0","18652","183","4","4","4","9:0:25"
"GPS-G66","18375","22008.0","18626","129","3","4","4","9:0:33"
"GPS-G67","18368","22010.0","18676","224","4","4","4","9:0:41"
"GPS-G68","18365","22015.0","18631","150","3","4","4","9:0:49"
"GPS-G69","18357","22015.0","18610","131","4","4","4","9:0:57"
"0.444266540271864","0.8613840379975204","0.9331660411639805","1.0179993176334332","1.1197992493967766","1.2442213882186406","1.3997490617459707","1.5997132134239664","1.3997490617459707","1.3174108816432666","1.2442213882186406","1.1787360519966068","1.1197992493967766","1.2442213882186406","1.3997490617459707","1.5997132134239664","1.4930656658623687","1.3997490617459707","1.2442213882186406","1.1787360519966068","1.1197992493967766","1.0664754756159776","1.0179993176334332","0.9737384777363275"
"Generationen: 2500","Crossover: ox2","C-Rate: 1.0","Mutation: Exchange","M-Rate: 0.7","RouletteWheel-S.","T-Size: ---","Reinsertion-Rate: 0.2","Generation-Gap: 0.5","Selection-Pressure: 1.2","GPS Frequenz: 8"
"Iteration","total duration","relative totalduration","avg. duration","standard deviation","avg.DiffrentCitiesofBest","avg.DiffrentCitiesofAll","calc. time","time"
"2499","19847","19847","19855","4","3","3","8:0:12","|ID:0 49.179775 8.752588|ID:36 49.183469 8.775872|ID:22 49.088492 8.769808|ID:31 49.107595 8.782017|ID:12 49.142084 8.85242|ID:30 49.105682 8.748116|ID:14 49.17413 8.836061|ID:13 49.187562 8.817072|ID:21 49.120982 8.724765|ID:7 49.124447 8.716669|ID:29 49.140226 8.686995|ID:18 49.148566 8.693831|ID:17 49.14749 8.655874|ID:19 49.121084 8.723739|ID:5 49.104066 8.745913|ID:4 49.138372 8.770976|ID:25 49.142551 8.769687|ID:24 49.175442 8.749427|ID:1 49.154036 8.718574|ID:9 49.155876 8.72469|ID:11 49.147033 8.806347|ID:34 49.110088 8.858825|ID:33 49.099043 8.858203|ID:3 49.100604 8.854045|ID:32 49.088201 8.788462|ID:2 49.106847 8.814816|ID:20 49.110618 8.815909|ID:23 49.099789 8.738246|ID:16 49.138169 8.661563|ID:8 49.145212 8.688068|ID:38 49.178439 8.801008|ID:15 49.177741 8.796049|ID:37 49.179303 8.810762|ID:26 49.148713 8.807257|ID:39 49.108844 8.715623|ID:6 49.107418 8.712167|ID:27 49.118803 8.76645|ID:35 49.151327 8.811024|ID:10 49.175942 8.792577|ID:28 49.176203 8.785493|"
"Start","19804","19812","4","3","3","-","8:0:0"
"Intersection-1505107457","19806","19809.0","19829","38","3","3","3","8:0:2"
"GPS-G0","19800","19808.0","19823","38","3","3","3","8:0:8"
"GPS-G1","19794","19810.0","19805","24","3","3","3","8:0:16"
"Intersection-1505107292","19797","19816.0","19804","4","3","3","3","8:0:19"
"GPS-G2","19794","19818.0","19815","38","3","3","3","8:0:24"
"GPS-G3","19785","19817.0","19792","5","3","3","3","8:0:32"
"GPS-G4","19774","19814.0","19816","150","3","3","3","8:0:40"
"Intersection-1505107204","19783","19829.0","19790","5","3","3","3","8:0:46"
"GPS-G5","19781","19829.0","19788","4","3","3","3","8:0:48"
"GPS-G6","19772","19829.0","19780","5","3","3","3","8:0:56"
"GPS-G7","19766","19831.0","19777","23","3","3","3","8:1:4"
"GPS-G8","19756","19828.0","19773","32","3","3","3","8:1:12"
"GPS-G9","19749","19829.0","19771","38","3","3","3","8:1:20"
"GPS-G10","19739","19828.0","19782","152","3","3","3","8:1:28"
"GPS-G11","19733","19830.0","19740","4","3","3","3","8:1:36"
"GPS-G12","19723","19827.0","19731","4","3","3","3","8:1:44"
"Intersection-1505107139","19721","19833.0","19734","23","3","3","3","8:1:52"
"GPS-G13","19723","19835.0","19729","4","3","3","3","8:1:52"
"GPS-G14","19713","19834.0","19725","23","3","3","3","8:2:0"
"Intersection-410351384","19739","19862.0","19752","24","3","3","3","8:2:3"
"GPS-G15","19735","19864.0","19742","4","3","3","3","8:2:8"
"GPS-G16","19726","19863.0","19744","32","3","3","3","8:2:16"
"GPS-G17","19718","19862.0","19726","4","3","3","3","8:2:24"
"GPS-G18","19711","19863.0","19752","152","3","3","3","8:2:32"
"GPS-G19","19702","19863.0","19744","151","3","3","3","8:2:40"
"GPS-G20","19694","19863.0","19736","151","3","3","3","8:2:48"
"GPS-G21","19686","19862.0","19734","153","3","3","3","8:2:56"
"GPS-G22","19678","19862.0","19690","22","3","3","3","8:3:4"
"GPS-G23","19671","19864.0","19678","4","3","3","3","8:3:12"
"GPS-G24","19664","19865.0","19669","4","3","3","3","8:3:20"
"GPS-G25","19655","19863.0","19662","4","3","3","3","8:3:28"
"GPS-G26","19647","19863.0","19654","4","3","3","3","8:3:36"
"GPS-G27","19638","19863.0","19650","22","3","3","3","8:3:44"
"Intersection-140245508","19625","19859.0","19638","23","3","3","3","8:3:55"
"City-36","19345","19581.0","19357","22","3","3","3","8:3:56"
"Intersection-140245508","19377","19615.0","19390","23","3","3","3","8:3:58"
"GPS-G0","19371","19615.0","19383","24","3","3","3","8:4:4"
"GPS-G1","19363","19615.0","19376","23","3","3","3","8:4:12"
"GPS-G2","19356","19615.0","19363","4","3","3","3","8:4:20"
"GPS-G3","19348","19615.0","19360","23","3","3","3","8:4:28"
"GPS-G4","19338","19614.0","19346","4","3","3","3","8:4:36"
"GPS-G5","19332","19616.0","19408","209","3","3","3","8:4:44"
"GPS-G6","19323","19614.0","19330","4","3","3","3","8:4:52"
"GPS-G7","19318","19617.0","19324","4","3","3","3","8:5:0"
"GPS-G8","19308","19615.0","19315","5","3","3","3","8:5:8"
"GPS-G9","19298","19614.0","19306","4","3","3","3","8:5:16"
"GPS-G10","19291","19614.0","19298","4","3","3","3","8:5:24"
"GPS-G11","19284","19615.0","19296","22","3","3","3","8:5:32"
"GPS-G12","19276","19616.0","19283","4","3","3","3","8:5:40"
"GPS-G13","19269","19617.0","19280","23","3","3","3","8:5:48"
"Intersection-410351384","19263","19612.0","19276","23","3","3","3","8:5:50"
"GPS-G14","19259","19614.0","19266","4","3","3","3","8:5:56"
"Intersection-1505107139","19256","19617.0","19278","38","3","3","3","8:6:1"
"GPS-G15","19253","19616.0","19261","4","3","3","3","8:6:4"
"GPS-G16","19244","19616.0","19267","37","3","3","3","8:6:12"
"Intersection-457962545","19241","19617.0","19250","4","3","3","3","8:6:16"
"Intersection-1505142704","19248","19625.0","19254","4","3","3","3","8:6:18"
"GPS-G17","19245","19624.0","19267","38","3","3","3","8:6:20"
"GPS-G18","19236","19624.0","19288","153","3","3","3","8:6:28"
"GPS-G19","19229","19625.0","19251","38","3","3","3","8:6:36"
"Intersection-1505142694","19239","19639.0","19259","38","3","3","3","8:6:41"
"GPS-G20","19234","19637.0","19242","4","3","3","3","8:6:44"
"GPS-G21","19228","19639.0","19250","38","3","3","3","8:6:52"
"GPS-G22","19219","19639.0","19227","4","3","3","3","8:7:0"
"GPS-G23","19211","19639.0","19218","4","3","3","3","8:7:8"
"GPS-G24","19204","19639.0","19225","38","3","3","3","8:7:16"
"GPS-G25","19195","19638.0","19217","38","3","3","3","8:7:24"
"GPS-G26","19187","19639.0","19195","4","3","3","3","8:7:32"
"Intersection-33843552","19243","19701.0","19250","5","3","3","3","8:7:38"
"GPS-G27","19241","19701.0","19287","151","3","3","3","8:7:40"
"GPS-G28","19232","19700.0","19239","4","3","3","3","8:7:48"
"GPS-G29","19225","19701.0","19233","4","3","3","3","8:7:56"
"GPS-G30","19215","19698.0","19228","23","3","3","3","8:8:4"
"GPS-G31","19210","19701.0","19217","4","3","3","3","8:8:12"
"GPS-G32","19200","19700.0","19208","4","3","3","3","8:8:20"
"GPS-G33","19191","19699.0","19268","208","3","3","3","8:8:28"
"GPS-G34","19185","19701.0","19226","150","3","3","3","8:8:36"
"GPS-G35","19176","19699.0","19183","4","3","3","3","8:8:44"
"GPS-G36","19169","19701.0","19215","152","3","3","3","8:8:52"
"GPS-G37","19160","19700.0","19202","150","3","3","3","8:9:0"
"GPS-G38","19152","19699.0","19160","4","3","3","3","8:9:8"
"GPS-G39","19145","19700.0","19152","4","3","3","3","8:9:16"
"GPS-G40","19139","19702.0","19144","4","3","3","3","8:9:24"
"GPS-G41","19128","19700.0","19136","4","3","3","3","8:9:32"
"GPS-G42","19121","19700.0","19197","208","3","3","3","8:9:40"
"GPS-G43","19112","19699.0","19119","4","3","3","3","8:9:48"
"GPS-G44","19105","19701.0","19112","4","3","3","3","8:9:56"
"GPS-G45","19095","19699.0","19108","24","3","3","3","8:10:4"
"GPS-G46","19090","19701.0","19131","152","3","3","3","8:10:12"
"GPS-G47","19081","19701.0","19088","4","3","3","3","8:10:20"
"GPS-G48","19071","19699.0","19084","23","3","3","3","8:10:28"
"GPS-G49","19064","19700.0","19082","32","3","3","3","8:10:36"
"GPS-G50","19056","19699.0","19064","4","3","3","3","8:10:44"
"GPS-G51","19049","19700.0","19056","4","3","3","3","8:10:52"
"GPS-G52","19039","19699.0","19052","24","3","3","3","8:11:0"
"GPS-G53","19031","19699.0","19039","4","3","3","3","8:11:8"
"GPS-G54","19025","19700.0","19031","4","3","3","3","8:11:16"
"GPS-G55","19018","19701.0","19073","175","3","3","3","8:11:24"
"Intersection-457717353","19030","19717.0","19082","152","3","3","3","8:11:27"
"GPS-G56","19026","19717.0","19034","4","3","3","3","8:11:32"
"GPS-G57","19019","19718.0","19026","4","3","3","3","8:11:40"
"GPS-G58","19010","19718.0","19019","4","3","3","3","8:11:48"
"GPS-G59","19002","19717.0","19044","152","3","3","3","8:11:56"
"GPS-G60","18996","19719.0","19002","4","3","3","3","8:12:4"
"GPS-G61","18989","19720.0","18998","23","3","3","3","8:12:12"
"GPS-G62","18979","19719.0","18986","4","3","3","3","8:12:20"
"Intersection-457640288","18969","19714.0","18978","4","3","3","3","8:12:25"
"Intersection-33843538","18979","19725.0","18991","23","3","3","3","8:12:27"
"GPS-G63","18978","19726.0","19021","153","3","3","3","8:12:28"
"GPS-G64","18969","19724.0","18977","5","3","3","3","8:12:36"
"GPS-G65","18963","19726.0","18985","38","3","3","3","8:12:44"
"GPS-G66","18953","19725.0","18961","4","3","3","3","8:12:52"
"GPS-G67","18947","19727.0","18988","150","3","3","3","8:13:0"
"GPS-G68","18939","19727.0","18946","4","3","3","3","8:13:8"
"Intersection-33843536","18939","19730.0","18948","4","3","3","3","8:13:11"
"GPS-G69","18935","19730.0","18943","4","3","3","3","8:13:16"
"GPS-G70","18928","19732.0","18970","152","3","3","3","8:13:24"
"Intersection-345873496","18926","19737.0","18969","152","3","3","3","8:13:31"
"GPS-G71","18925","19736.0","18933","4","3","3","3","8:13:32"
"GPS-G72","18918","19737.0","18925","4","3","3","3","8:13:40"
"GPS-G73","18908","19736.0","18951","152","3","3","3","8:13:48"
"Intersection-33843529","18915","19747.0","18927","23","3","3","3","8:13:53"
"GPS-G74","18915","19751.0","18969","175","3","3","3","8:13:56"
"GPS-G75","18906","19749.0","18912","4","3","3","3","8:14:4"
"Intersection-345676222","18904","19754.0","18911","4","3","3","3","8:14:11"
"GPS-G76","18903","19755.0","18910","4","3","3","3","8:14:12"
"GPS-G77","18895","19755.0","18903","4","3","3","3","8:14:20"
"GPS-G78","18886","19753.0","18928","152","3","3","3","8:14:28"
"GPS-G79","18880","19755.0","18887","4","3","3","3","8:14:36"
"Intersection-330907231","18879","19754.0","18886","4","3","3","3","8:14:36"
"GPS-G80","18872","19755.0","18894","38","3","3","3","8:14:44"
"GPS-G81","18863","19755.0","18870","4","3","3","3","8:14:52"
"Intersection-33843522","18861","19756.0","18912","153","3","3","3","8:14:54"
"Intersection-345674978","18859","19755.0","18882","38","3","3","3","8:14:55"
"GPS-G82","18858","19758.0","18865","4","3","3","3","8:15:0"
"Intersection-315578266","18860","19763.0","18869","4","3","3","3","8:15:2"
"GPS-G83","18856","19764.0","18864","4","3","3","3","8:15:8"
"GPS-G84","18850","19766.0","18862","23","3","3","3","8:15:16"
"GPS-G85","18841","19765.0","18917","208","3","3","3","8:15:24"
"GPS-G86","18832","19763.0","18854","38","3","3","3","8:15:32"
"Intersection-33843484","18830","19763.0","18852","37","3","3","3","8:15:34"
"Intersection-345873425","18829","19768.0","18906","209","3","3","3","8:15:38"
"GPS-G87","18828","19768.0","18841","23","3","3","3","8:15:40"
"GPS-G88","18820","19768.0","18828","4","3","3","3","8:15:48"
"GPS-G89","18813","19768.0","18820","4","3","3","3","8:15:56"
"Intersection-4407463016","18815","19773.0","18823","5","3","3","3","8:15:58"
"GPS-G90","18809","19773.0","18817","4","3","3","3","8:16:4"
"GPS-G91","18803","19774.0","18809","4","3","3","3","8:16:12"
"Intersection-345873175","18834","19811.0","18908","209","3","3","3","8:16:17"
"GPS-G92","18829","19809.0","18837","4","3","3","3","8:16:20"
"GPS-G93","18820","19808.0","18843","38","3","3","3","8:16:28"
"GPS-G94","18814","19809.0","18821","4","3","3","3","8:16:36"
"GPS-G95","18805","19808.0","18812","4","3","3","3","8:16:44"
"GPS-G96","18798","19809.0","18809","23","3","3","3","8:16:52"
"GPS-G97","18789","19809.0","18797","4","3","3","3","8:17:0"
"GPS-G98","18779","19806.0","18792","22","3","3","3","8:17:8"
"GPS-G99","18774","19809.0","18780","4","3","3","3","8:17:16"
"GPS-G100","18766","19809.0","18806","150","3","3","3","8:17:24"
"GPS-G101","18757","19809.0","18799","151","3","3","3","8:17:32"
"GPS-G102","18748","19807.0","18756","4","3","3","3","8:17:40"
"GPS-G103","18741","19808.0","18782","151","3","3","3","8:17:48"
"GPS-G104","18733","19809.0","18775","153","3","3","3","8:17:56"
"GPS-G105","18727","19811.0","18747","38","3","3","3","8:18:4"
"Intersection-958308273","18721","19806.0","18743","38","3","3","3","8:18:4"
"GPS-G106","18713","19805.0","18756","153","3","3","3","8:18:12"
"Intersection-33843474","18724","19817.0","18729","4","3","3","3","8:18:13"
"GPS-G107","18715","19814.0","18723","4","3","3","3","8:18:20"
"GPS-G108","18709","19817.0","18795","207","3","3","3","8:18:28"
"GPS-G109","18701","19817.0","18742","152","3","3","3","8:18:36"
"GPS-G110","18692","19815.0","18699","4","3","3","3","8:18:44"
"Intersection-1814209472","18688","19817.0","18695","4","3","3","3","8:18:50"
"GPS-G111","18687","19818.0","18695","5","3","3","3","8:18:52"
"GPS-G112","18679","19818.0","18691","24","3","3","3","8:19:0"
"Intersection-33843480","18682","19823.0","18689","4","3","3","3","8:19:1"
"GPS-G113","18676","19823.0","18681","4","3","3","3","8:19:8"
"Intersection-33843468","18700","19849.0","18712","22","3","3","3","8:19:9"
"GPS-G114","18690","19846.0","18733","152","3","3","3","8:19:16"
"GPS-G115","18684","19848.0","18692","4","3","3","3","8:19:24"
"GPS-G116","18675","19846.0","18718","152","3","3","3","8:19:32"
"GPS-G117","18668","19847.0","18679","22","3","3","3","8:19:40"
"GPS-G118","18659","19847.0","18667","4","3","3","3","8:19:48"
"GPS-G119","18651","19847.0","18658","4","3","3","3","8:19:56"
"GPS-G120","18645","19848.0","18651","4","3","3","3","8:20:4"
"GPS-G121","18637","19848.0","18642","4","3","3","3","8:20:12"
"GPS-G122","18627","19847.0","18635","4","3","3","3","8:20:20"
"Intersection-3479197117","18620","19845.0","18626","4","3","3","3","8:20:26"
"GPS-G123","18618","19846.0","18623","4","3","3","3","8:20:28"
"Intersection-33843463","18636","19868.0","18643","4","3","3","3","8:20:33"
"GPS-G124","18632","19867.0","18640","4","3","3","3","8:20:36"
"GPS-G125","18625","19868.0","18632","4","3","3","3","8:20:44"
"GPS-G126","18616","19868.0","18639","37","3","3","3","8:20:52"
"GPS-G127","18609","19869.0","18616","4","3","3","3","8:21:0"
"GPS-G128","18601","19868.0","18613","23","3","3","3","8:21:8"
"GPS-G129","18592","19867.0","18599","4","3","3","3","8:21:16"
"GPS-G130","18585","19869.0","18592","4","3","3","3","8:21:24"
"GPS-G131","18575","19867.0","18598","38","3","3","3","8:21:32"
"GPS-G132","18569","19868.0","18576","4","3","3","3","8:21:40"
"GPS-G133","18562","19870.0","18602","150","3","3","3","8:21:48"
"GPS-G134","18550","19866.0","18564","24","3","3","3","8:21:56"
"Intersection-821338268","18547","19866.0","18555","4","3","3","3","8:22:0"
"Intersection-821338270","18544","19865.0","18551","4","3","3","3","8:22:1"
"Intersection-821338271","18575","19898.0","18587","22","3","3","3","8:22:3"
"GPS-G135","18574","19897.0","18581","4","3","3","3","8:22:4"
"GPS-G136","18566","19897.0","18578","23","3","3","3","8:22:12"
"GPS-G137","18557","19897.0","18599","153","3","3","3","8:22:20"
"GPS-G138","18550","19898.0","18567","31","3","3","3","8:22:28"
"GPS-G139","18540","19895.0","18548","4","3","3","3","8:22:36"
"GPS-G140","18534","19897.0","18585","153","3","3","3","8:22:44"
"GPS-G141","18524","19896.0","18533","4","3","3","3","8:22:52"
"GPS-G142","18516","19895.0","18524","4","3","3","3","8:23:0"
"GPS-G143","18510","19897.0","18531","38","3","3","3","8:23:8"
"0.7050395623221722","0.4135328426021663","0.4479939128190135","0.4887206321661965","0.5375926953828162","0.597325217092018","0.6719908692285202","0.7679895648325945","0.6719908692285202","0.6324619945680191","0.597325217092018","0.5658870477713854","0.5375926953828162","0.597325217092018","0.6719908692285202","0.7679895648325945","0.7167902605104215","0.6719908692285202","0.597325217092018","0.5658870477713854","0.5375926953828162","0.5119930432217297","0.4887206321661965","0.46747190902853586"
"Generationen: 2500","Crossover: ox2","C-Rate: 1.0","Mutation: Exchange","M-Rate: 0.7","RouletteWheel-S.","T-Size: ---","Reinsertion-Rate: 0.2","Generation-Gap: 0.5","Selection-Pressure: 1.2","GPS Frequenz: 8"
"total duration","relative totalduration","avg. duration","time"
"0.5037064640692631","0.46495981298701206","0.5037064640692631","0.5494979608028324","0.6044477568831157","0.6716086187590175","0.7555596961038946","0.8634967955473082","0.7555596961038946","0.7111150080977832","0.6716086187590175","0.6362607967190691","0.6044477568831157","0.6716086187590175","0.7555596961038946","0.8169148926103812","0.762453899769689","0.7148005310340835","0.6353782498080742","0.6019372892918597","0.5718404248272668","0.5446099284069208","0.5198549316611516","0.4972525433280582"
"Generationen: 2500","Crossover: ox2","C-Rate: 1.0","Mutation: Exchange","M-Rate: 0.7","RouletteWheel-S.","T-Size: ---","Reinsertion-Rate: 0.2","Generation-Gap: 0.5","Selection-Pressure: 1.2","GPS Frequenz: 8"
"total duration","relative totalduration","avg. duration","time"
"19538","19538","19643","8:0:0","START"
"1.1409694729835584","1.0532025904463616","1.1409694729835584","1.2446939705275182","1.3691633675802701","1.5212926306447447","1.7114542094753378","1.9559476679718144","1.7114542094753378","1.6107804324473767","1.5212926306447447","1.4412245974529159","1.3691633675802701","1.5212926306447447","1.7114542094753378","1.9559476679718144","1.8255511567736935","1.7114542094753378","1.5212926306447447","1.4412245974529159","1.3691633675802701","1.3039651119812097","1.2446939705275182","1.190576841374148"
"Generationen: 2500","Crossover: ox2","C-Rate: 1.0","Mutation: Exchange","M-Rate: 0.7","RouletteWheel-S.","T-Size: ---","Reinsertion-Rate: 0.2","Generation-Gap: 0.5","Selection-Pressure: 1.2","GPS Frequenz: 8"
"total duration","relative totalduration","avg. duration","time"
